("entity"|베트남|GEO|Vietnam, the country where the consumer survey on 김부각 (dried seaweed snack) was conducted in 2024)

("entity"|김부각|PRODUCT|A Korean traditional snack made from seaweed, surveyed for consumer preferences and perceptions in Vietnam in 2024)

("entity"|한국수산무역협회|ORGANIZATION|Korea Fisheries Trade Association, the organization responsible for the report and research on 김부각 in 2024)

("relationship"|한국수산무역협회|김부각|The association published the 2024 report on consumer preferences for 김부각 in Vietnam|9)

("relationship"|김부각|베트남|The product 김부각 is popular and surveyed among Vietnamese consumers in 2024|8)

END_OF_OUTPUT